label,PO No,PO Type,Invoice No,Tender No,1,2,3,4,5,6,7,8,Days Consumed,Days Remaining,Days Saved
,007646,FOB,"HI/23-24/078,HI/23-24/079,GST/23-24/125",ICB/EPSA6/RDF-R & SDG 2015/MS/LS/14/22,-70,-107,-87,1,6,1,-738,,1118,-992,-994
,007647,FOB,HI/23-24/072,ICB/EPSA6/RDF-R & SDG 2015/MS/LS/14/22,-70,-107,-51,37,13,-17,-763,,1082,-956,-958
,007648,FOB,,ICB/EPSA6/RDF-R & SDG 2015/MS/LS/14/22,-1060,,,,,,,,1061,-935,-1060
,007621,FOB,,ICB/EPSA6/MOH-GF/OI/NFMIII/PH/04/23,-17,-1029,,,,,,,1062,-936,-1046
,007634,FOB,,ICB/EPSA6/SDG-MOH/MD/Maxillo/03/23,-23,-1022,,,,,,,1061,-935,-1045
,007644,FOB,90028552-C,ICB/FW/EPSA6/GF-HAPCO/NFMIII/ARV/OI/PH/03/22,-19,-134,-102,-11,-752,,,-1,1132,-1006,-1019
,007645,FOB,EXPD/23-24/055,ICB/FW/EPSA6/GF-HAPCO/NFMIII/ARV/OI/PH/03/22,-19,-31,-57,41,13,-3,-7,0,189,-63,-63
,007657,FCA,,ICB/EPSA6/RDF-R/PH/10/21,-26,-1018,,,,,,,1060,-934,-1044
,007632,FCA,, ICB/EPSA6/RDF-R & SDG 2015/MS/LS/14/22,-156,-882,,,,,,,1054,-928,-1038
,007633,FCA,RI-34/23,ICB/EPSA6/RDF-R & SDG 2015/MS/LS/14/22,-156,11,-85,-21,-4,-756,,-9,1144,-1018,-1020
,007635,FCA,,ICB/EPSA6/RDF-R & SDG 2015/MS/LS/14/22,-156,-882,,,,,,,1054,-928,-1038
,007636,FCA,,ICB/EPSA6/RDF-R & SDG 2015/MS/LS/14/22,-156,-882,,,,,,,1054,-928,-1038
,007637,FOB,, ICB/EPSA6/RDF-R & SDG 2015/MS/LS/14/22,-41,-998,,,,,,,1055,-929,-1039
,007638,FCA,, ICB/EPSA6/RDF-R & SDG 2015/MS/LS/14/22,-1053,,,,,,,,1054,-928,-1053
,007641,FCA,206001178, ICB/EPSA6/RDF-R & SDG 2015/MS/LS/14/22,-35,-175,-814,-741,,,,,1851,-1725,-1765
,007655,FOB,,ICB/EPSA6/RDF-R & SDG 2015/MS/LS/14/22,-63,-247,-714,,,,,,1055,-929,-1024
,007668,FOB,ML2547/23-24,ICB/FW/EPSA6/GF-HAPCO/NFMIII/ARV/OI/PH/03/22,-16,-173,-11,36,-800,,,0,1077,-951,-964
,007656,FOB,,ICB/EPSA6/RDF-R & SDG 2015/MS/LS/14/22,-1053,,,,,,,,1054,-928,-1053
,007669,FOB,EM2320020656,ICB/FW/EPSA6/GF-HAPCO/NFMIII/ARV/OI/PH/03/22,-14,-3,-154,-28,-6,-811,,1,1139,-1013,-1015
,007662,FOB,,ICB/EPSA6/RDF-R & SDG 2015/MS/LS/14/22,-1053,,,,,,,,1054,-928,-1053
,007652,FOB,,ICB/EPSA6/RDF-R& SDG 2015/MS/LS/14/22,-36,-121,-867,-783,,,,,1893,-1767,-1807
,007653,FOB,,ICB/EPSA6/RDF-R& SDG 2015/MS/LS/14/22,-36,-1002,,,,,,,1054,-928,-1038
,007658,FOB,, ICB/EPSA6/RDF-R & SDG 2015/MS/LS/14/22,-36,-1002,,,,,,,1054,-928,-1038
,007654,FOB,1528A,ICB/EPSA6/RDF-R& SDG 2015/MS/LS/14/22,-63,-103,-64,-1,-770,,,0,1114,-988,-1001
,007659,FOB,, ICB/EPSA6/RDF-R & SDG 2015/MS/LS/14/22,-36,-1002,,,,,,,1054,-928,-1038
,007675,FOB,90028552-A,ICB/FW/EPSA6/GF-HAPCO/NFMIII/ARV/OI/PH/03/22,-22,-124,-102,-11,-752,,,-1,1125,-999,-1012
,007660,FOB,,ICB/EPSA6/RDF-R & SDG 2015/MS/LS/14/22,-199,0,-825,-757,,,,,1867,-1741,-1781
,007661,FOB,,ICB/EPSA6/RDF-R & SDG 2015/MS/LS/14/22,-1053,,,,,,,,1054,-928,-1053
,007627,FCA,,ICB/FW/EPSA6/GF-HAPCO/NFMIII/ARV/OI/PH/03/22,-1053,,,,,,,,1054,-928,-1053
,007676,FOB,MP2312302410/12,ICB/FW/EPSA6/GF-MOH/NFMIII/ARV/PH/01/23,-27,-84,-60,-17,-9,6,-1,1,317,-191,-191
,007642,FOB,,ICB/EPSA6/RDF-R& SDG 2015/MS/LS/14/22,-37,-1001,,,,,,,1054,-928,-1038
,007649,FCA,,ICB/EPSA6/RDF-R& SDG 2015/MS/LS/14/22,-1052,,,,,,,,1053,-927,-1052
,007622,FOB,SY23W0021,ICB/FW/EPSA6/GF-HAPCO/NFMIII/ARV/OI/PH/03/22,-22,-15,-97,7,-46,6,-1,-1,295,-169,-169
,007631,FOB,,ICB/EPSA6/RDF-R& SDG 2015/MS/LS/14/22,-139,-43,-841,,,,,,1054,-928,-1023
,007687,FOB,1528B,ICB/EPSA6/RDF-R& SDG 2015/MS/LS/14/22,-61,-103,-64,-1,-770,,,0,1112,-986,-999
,007687,FOB,1530,ICB/EPSA6/RDF-R& SDG 2015/MS/LS/14/22,-61,-103,-80,-17,-753,,,-1,1128,-1002,-1015
,007688,FOB,,ICB/EPSA6/RDF-R& SDG 2015/MS/LS/14/22,-61,-975,,,,,,,1052,-926,-1036
,007663,FOB,,ICB/EPSA6/RDF-R & SDG 2015/MS/LS/14/22,-39,-304,-679,,,,,,1053,-927,-1022
,007689,FCA,,ICB/EPSA6/RDF-R & SDG 2015/MS/LS/14/22,-1051,,,,,,,,1052,-926,-1051
,007685,FCA,,Call off ICB/PFSA6/RDF/FW/PLACEMENT/LR/20/18,-7,-160,-849,-673,,,,,1775,-1649,-1689
,007681,FOB,"N3128, N3391",ICB/FW/EPSA6/GF-HAPCO/NFMIII/ARV/OI/PH/03/22,-12,-100,-52,-6,-6,-811,,1,1110,-984,-986
,007681,FOB,N3362,ICB/FW/EPSA6/GF-HAPCO/NFMIII/ARV/OI/PH/03/22,-12,-100,-52,-6,-6,-811,,2,1109,-983,-985
,007693,FCA,N3280,EPSA6/RT2/FW/MOH-GF-TB-Kit/PH/01/21,-11,-112,-40,14,-6,9,-5,0,277,-151,-151
,007693,FCA,N3357,EPSA6/RT2/FW/MOH-GF-TB-Kit/PH/01/21,-11,-112,-67,-13,-9,7,-6,0,337,-211,-211
,007690,FCA,,ICB/EPSA6/MOH-SDG-MOFED/FH/PH/15/22,-21,-7,-987,-872,,,,,1973,-1847,-1887
,007694,FOB,,PFSA6/RT-2/RDF/MI/04/18 (Split from 007146 for ALE,-239,-86,-690,,,,,,1046,-920,-1015
,007606,FOB,EXP/23-24/262,ICB/EPSA6/RDF-R/PH/02/21(Refill Order from PO No.0,-18,-103,-67,-6,18,-806,,1,1105,-979,-981
,007706,FOB,,PFSA6/DT/MoH-Covid-19/Bed/MI/19/20 ( Alert HP Spli,-1039,,,,,,,,1040,-914,-1039
,007711,FOB,0918,ICB/EPSA6/RDF-R & SDG 2015/MS/LS/14/22,-16,-123,-101,-25,-744,,-721,,1843,-1717,-1730
,007712,FOB,,ICB/EPSA6/RDF-R & SDG 2015/MS/LS/14/22,-16,-282,-711,,,,,,1040,-914,-1009
,007728,FOB,,PSA6/DT/MOH-COVID-19/Bed/MI/19/20 (Refill from 005,-1036,,,,,,,,1037,-911,-1036
,007729,FOB,,PFSA6/RT-2/RDF/MI/04/18 (Split from 007146),-1036,,,,,,,,1037,-911,-1036
,007730,FOB,,ICB/EPSA6/RDF-R &SDG 2015/MS/LS/14/22,-18,-121,-867,-783,,,,,1875,-1749,-1789
,007609,FOB,,ICB/EPSA6/RDF-R/PH/02/22(Refill Order from PO 0069,-20,-265,-718,-657,,,,,1746,-1620,-1660
,007630,FOB,,ICB/EPSA6/RDF-R& SDG 2015/MS/LS/14/22,-116,-899,,,,,,,1031,-905,-1015
,007650,FOB,, ICB/EPSA6/RDF-R & SDG 2015/MS/LS/14/22,-1022,,,,,,,,1023,-897,-1022
,007731,FOB,,ICB/EPSA6/RDF-R &SDG 2015/MS/LS/14/22,-1021,,,,,,,,1022,-896,-1021
,007732,FOB,TNRP67092,ICB/EPSA6/MOH-GF/NFMIII/MRDT/condom/LR/05/23,-82,40,-143,-14,-5,-762,,-1,1091,-965,-967
,non standard so23000486,FOB,,non standard so23000486,-997,,,,,,,,998,-872,-997
,non standard so 23000486,FOB,,non standard so 23000486,-990,,,,,,,,991,-865,-990
,007739,FCA,,ICB/FW/EPSS6/MOH-GF/Malaria/PH/14/23,-963,,,,,,,,964,-838,-963
,007740,FOB,2425100072,ICB/EPSS6/GF-CHEM/MS/LS/09/23,-29,-21,-109,-69,2,10,1,-1,342,-216,-216
,007741,FOB,01/EPSS/DKT/2024,ICB/EPSA6/MOH-SDG-MOFED/FH/PH/15/22,-2,-14,-58,-1,-39,-778,,,1014,-888,-892
,007741,FOB,GP231230,ICB/EPSA6/MOH-SDG-MOFED/FH/PH/15/22,-2,-14,-54,4,-43,-778,,,1009,-883,-887
,007742,FOB,02/EPSS/DKT/2024,ICB/EPSA6/MOH-SDG-MOFED/FH/PH/15/22,-2,-54,-869,-821,,,,,1832,-1706,-1746
,007742,FOB,GP240301,ICB/EPSA6/MOH-SDG-MOFED/FH/PH/15/22,-2,-54,-869,-821,,,,,1832,-1706,-1746
,007743,FOB,,ICB/EPSA6/MOH-SDG-MOFED/FH/PH/15/22,-2,-159,-764,-675,,,,,1686,-1560,-1600
,007744,FOB,,ICB/EPSA6/MOH-SDG-MOFED/FH/PH/15/22(Refill),-14,-222,-690,,,,,,957,-831,-926
,007747,FOB,,ICB/EPSA6/MOH-SDG-WB-BUFFET/FH/PH/07/23,-947,,,,,,,,948,-822,-947
,007745,FCA,,ICB/EPSA6/MOH-SDG-WB-BUFFET/FH/PH/07/23,-20,-160,-739,-688,,,,,1693,-1567,-1607
,007746,FCA,,ICB/EPSA6/MOH-SDG-WB-BUFFET/FH/PH/07/23,-23,-910,,,,,,,949,-823,-933
,007754,FOB,HW40101A,Refill from ICB/EPSA6/RDF-R/2014 & 2013 Retendered,-15,-18,-24,18,-24,23,-10,0,176,-50,-50
,007754,FOB,HW40101C,Refill from ICB/EPSA6/RDF-R/2014 & 2013 Retendered,-15,-18,-43,-1,-803,,-3,-7,1005,-879,-890
,007755,FOB,HBM231211A,ICB/EPSS6/RDF-R/MS/15/23,-28,-70,-805,-753,,,,,1742,-1616,-1656
,007755,FOB,HBM231211B,ICB/EPSS6/RDF-R/MS/15/23,-28,-70,-805,-753,,,,,1742,-1616,-1656
,007755,FOB,HBM231211D,ICB/EPSS6/RDF-R/MS/15/23,-28,-70,-805,-753,,,,,1742,-1616,-1656
,007757,FOB,HD-EPSA-2301,ICB/EPSS6/RDF-R/MS/15/23,-36,-22,-846,-761,,,,,1751,-1625,-1665
,007761,FOB,, ICB/EPSS6/RDF-R/MS/15/23,-22,-111,-769,-702,,,,,1690,-1564,-1604
,007758,FOB,RI-49/23/ES,ICB/EPSS6/RDF-R/MS/15/23,-35,-10,-64,-1,3,-12,-5,0,250,-124,-124
,007748,FCA,,ICB/EPSA6/MOH-SDG-WB-BUFFET/FH/PH/07/23,-34,-882,,,,,,,932,-806,-916
,007770,FCA,,ICB/EPSA6/RDF-R/PH/13/22,-40,-137,-724,-657,,,,,1644,-1518,-1558
,007772,FCA,,ICB/EPSA6/MOH-SDG-MOFED/FH/PH/15/22,-10,-903,,,,,,,929,-803,-913
,Invoice-135038952/1,FCA,,Invoice-135038952/1,-926,,,,,,,,927,-801,-926
,Invoice-135038949/2,FCA,,Invoice-135038949/2,-926,,,,,,,,927,-801,-926
,Invoice-135038940/2,FCA,,Invoice-135038940/2,-926,,,,,,,,927,-801,-926
,Invoice-135038940/3,FCA,,Invoice-135038940/3,-926,,,,,,,,927,-801,-926
,Invoice-135038949/3,FCA,,Invoice-135038949/3,-926,,,,,,,,927,-801,-926
,Invoice-135038952/2,FCA,,Invoice-135038952/2,-926,,,,,,,,927,-801,-926
,Invoice-135038952/3,FCA,,Invoice-135038952/3,-926,,,,,,,,927,-801,-926
,007726,FOB,, ICB/EPSA6/RDF-Routine/MI/21/21(Split from PO: 007,-138,-774,,,,,,,928,-802,-912
,007707,FOB,, ICB/EPSA6/RDF-Routine/MI/21/21( Scale - Digital W,-78,-834,,,,,,,928,-802,-912
,007708,FCA,," ICB/EPSA6/RDF-Routine/MI/21/21(For Somali RHB, Sp",-926,,,,,,,,927,-801,-926
,007710,FOB,,ICB/EPSA6/RDF-Routine/MI/21/21(For ORHB Qty 8 & fo,-77,-835,,-719,,,,,1702,-1576,-1631
,007719,FOB,, ICB/EPSA6/RDF-Routine/MI/21/21(Split from PO: 007,-926,,,,,,,,927,-801,-926
,007695,FOB,,ICB/EPSA6/RDF_Routine/MD/10/22([Monitor pationt 50,-26,-73,-798,-730,,,,,1713,-1587,-1627
,007697,FOB,SKPFL23064,"ICB/EPSA6/RDF_Routine/MD/10/22(For ORHB, Split fro",-26,-74,-797,-730,,,,,1713,-1587,-1627
,007723,FOB,,ICB/EPSA6/RDF-Routine/MI/21/21(Split from 007137),-926,,,,,,,,927,-801,-926
,007700,FOB,,ICB/EPSA6/RDF_Routine/MI/21/21 (Split from 7137(OR,-926,,,,,,,,927,-801,-926
,007727,FOB,,PFSA6/R-T-2/RDF/MI/04/18(Split from 004764),-926,,,,,,,,927,-801,-926
,007713,FOB,,ICB/EPSA6/RDF_Routine/MD/10/22(Split from 007399),-25,-886,,,,,,,927,-801,-911
,007714,FOB,,ICB/EPSA6/RDF_Routine/MD/10/22(Split from PO: 0074,-925,,,,,,,,926,-800,-925
,007773,FCA,,ICB/EPSA6/RDF-R/PH/13/22 (splitted from Po No 0075,-35,-876,,,,,,,927,-801,-911
,007703,FOB,,PFSA6/R-T-2/RDF/MI/04/18 ( ORHB Split from Po. 004,-98,-34,-764,-698,,,,,1680,-1554,-1594
,007724,FOB,, ICB/EPSA6/RDF-Routine/MI/21/21(Split from PO: 007,-106,-804,,,,,,,926,-800,-910
,007701,FOB,," ICB/EPSA6/RDF-Routine/MI/21/21(For Somali RHB, Sp",-106,-50,-740,,,,,,927,-801,-896
,007725,FOB,, ICB/EPSA6/RDF-Routine/MI/21/21(Split from PO: 007,-103,-808,,,,,,,927,-801,-911
,007702,FOB,," ICB/EPSA6/RDF-Routine/MI/21/21(For Somali RHB, Sp",-103,-808,,-720,,,,,1702,-1576,-1631
,007756,FOB,,ICB/EPSS6/RDF-R/MS/15/23,-20,-889,,,,,,,925,-799,-909
,007721,FOB,,ICB/EPSA6/RDF_Routine/MI/21/21(Split from 007062),-924,,,,,,,,925,-799,-924
,007698,FOB,,ICB/EPSA6/RDF-Routine/MI/21/21(Split from 7062(ORH,-54,-93,-749,-698,,,,,1680,-1554,-1594
,Invoice-135038942/3,FCA,,Invoice-135038942/3,-923,,,,,,,,924,-798,-923
,007769,FOB,AY-EPSS2401,ICB/EPSS6/RDF-R/MS/15/23,-15,-70,-805,-738,,,,,1714,-1588,-1628
,007759,FOB,,ICB/EPSS6/RDF-R/MS/15/23,-15,-889,,,,,,,920,-794,-904
,007760,FOB,, ICB/EPSS6/RDF-R/MS/15/23,-15,-889,,,,,,,920,-794,-904
,Non Standard 23240191,FOB,23-AC1926,Non Standard 23240191,-913,,,,,,,,914,-788,-913
,007776,FOB,,call off from ICB/FW/PSA6/SDG/BLOOD BAG/MS/11/20 ,-20,-876,,,,,,,912,-786,-896
,007792,FOB,,ICB/EPSS6/GF&MOF/MS/LR/22/23,-47,-44,-790,,,,,,912,-786,-881
,007799,FCA,,ICB/FW/EPSS6/MOH-GF/Malaria/PH/14/23 ,-12,-190,-673,,,,,,906,-780,-875
,007800,FCA,,ICB/FW/EPSS6/MOH-GF/Malaria/PH/14/23 ,-28,-42,-805,,,,,,906,-780,-875
,007793,FOB,,ICB/EPSS6/GF&MOF/MS/LR/22/23,-14,-96,-765,,,,,,906,-780,-875
,007803,FCA,,EPSS6/DT/MOH-GF/Malaria/PH/02/23,-899,,,,,,,,900,-774,-899
,007791,FCA,,ICB/EPSS6/GF&MOF/MS/LR/22/23,-39,-843,,,,,,,898,-772,-882
,007807,Cost and Freight,,Call off; ICB/PFSA6/SDG/PLACEMENT/LR/32/19,-15,-2,-839,-781,,,,,1723,-1597,-1637
,007810,FOB,,ICB/EPSA6/RDF-R/PH/13/22 ( splitted from PO No:753,-70,-54,-726,-657,,,,,1593,-1467,-1507
,007812,FOB,,ICB/EPSS6/RDF/MD/ORHB/16/23,-77,-1,-772,-704,,,,,1640,-1514,-1554
,007814,FOB,,ICB/EPSS6/RDF/MD/ORHB/16/23,-879,,-714,,,,,,1609,-1483,-1593
,007815,FOB,,ICB/EPSS6/RDF/MD/ORHB/16/23,-135,1,-715,,,,,,880,-754,-849
,007816,FOB,,ICB/EPSS6/RDF/MD/ORHB/16/23,-135,-729,,,,,,,880,-754,-864
,007820,FOB,,ICB/EPSS6/RDF-R/PH/17/23,-59,-30,-760,-689,,,,,1624,-1498,-1538
,007822,FCA,,ICB/EPSS6/RDF-R/PH/17/23,-77,-23,-749,-696,,,,,1631,-1505,-1545
,007823,FCA,,ICB/EPSS6/RDF-R/PH/17/23,-77,-786,,,,,,,879,-753,-863
,007824,FCA,,ICB/EPSS6/RDF-R/PH/17/23,-35,-1,-813,-701,,,,,1636,-1510,-1550
,007825,FCA,,ICB/EPSS6/RDF-R/PH/17/23,-44,-19,-786,-698,,,,,1633,-1507,-1547
,007826,FCA,,ICB/EPSS6/RDF-R/PH/17/23,-44,-820,,,,,,,880,-754,-864
,007827,FOB,,ICB/EPSS6/RDF-R/PH/17/23,-44,-820,,-698,,,,,1633,-1507,-1562
,007830,FOB,,ICB/EPSS6/RDF/MD/ORHB/16/23,-877,,,,,,,,878,-752,-877
,007831,FCA,,ICB/EPSS6/RDF-R/PH/17/23,-28,-835,,,,,,,879,-753,-863
,007833,FCA,,ICB/EPSS6/RDF/MD/ORHB/16/23,-877,,-690,,,,,,1583,-1457,-1567
,007834,FCA,,ICB/EPSS6/RDF-R/PH/17/23,-28,-72,-749,-698,,,,,1633,-1507,-1547
,007835,FCA,,ICB/EPSS6/RDF-R/PH/17/23,-33,-81,-734,,,,,,879,-753,-848
,007836,FCA,,ICB/EPSS6/RDF-R/PH/17/23,-28,-72,-749,-698,,,,,1633,-1507,-1547
,007837,FCA,,ICB/EPSS6/RDF-R/PH/17/23,-28,-835,,,,,,,879,-753,-863
,007839,FCA,,ICB/EPSS6/RDF-R/PH/17/23,-37,-826,,,,,,,879,-753,-863
,007840,FOB,,ICB/EPSS6/RDF/MD/ORHB/16/23,-70,1,-780,-702,,,,,1637,-1511,-1551
,007843,FCA,,ICB/EPSA6/RDF-R/13/22 (split from PO No:7557),-75,-2,-771,-704,,,,,1638,-1512,-1552
,007845,FCA,,ICB/EPSA6/RDF-R/13/22 (refill from PO No:7560),-877,,,,,,,,878,-752,-877
,007817,FCA,,EPSA6/RT2/FW/MOH-GF-TB-Kit/PH/01/21,-877,,,,,,,,878,-752,-877
,007818,FCA,,EPSA6/RT2/FW/MOH-GF-TB-Kit/PH/01/21,-12,-145,-690,,,,,,878,-752,-847
,007848,FOB,,ICB/EPSS6/RDF/MD/ORHB/16/23,-63,1,-780,-702,,,,,1630,-1504,-1544
,007851,FOB,,ICB/EPSS6/RDF/MD/ORHB/16/23,-133,-723,,,,,,,872,-746,-856
,007813,FOB,,ICB/EPSS6/RDF/MD/ORHB/16/23,-868,,-799,,,,,,1683,-1557,-1667
,007853,FOB,,ICB/EPSA6/RDF-R/PH/13/22 (refill from PO No; 7504),-28,-18,-787,-724,,,,,1643,-1517,-1557
,007854,FOB,,ICB/EPSA6/RDF-R/PH/13/22 (refill from PO No; 7530),-28,-18,-787,-725,,,,,1644,-1518,-1558
,007855,FCA,,ICB/EPSA6/RDF-R/PH/13/22 (refill from PO No; 7554),-40,-7,-787,-725,,,,,1645,-1519,-1559
,007856,FCA,,ICB/EPSA6/RDF-R/PH/13/22 (refill from PO No; 7383),-62,37,-808,-717,,,,,1636,-1510,-1550
,007857,FCA,,ICB/EPSA6/RDF-R/PH/13/22 (refill from PO No; 7391),-105,80,-808,-689,,,,,1608,-1482,-1522
,007858,FCA,,ICB/EPSA6/RDF-R/PH/13/22 (refill from PO No; 7528),-105,80,-808,-689,,,,,1608,-1482,-1522
,007859,FCA,,ICB/EPSA6/RDF-R/PH/10/21(Refill orderfrom 006833),-43,-5,-785,-723,,,,,1642,-1516,-1556
,007862,FCA,,ICB/EPSA6/RDF-R/PH/13/22 (refill from PO No; 7510),-39,-6,-787,-704,,,,,1622,-1496,-1536
,007864,FCA,,ICB/EPSA6/RDF-R/PH/13/22 (refill from PO No; 7370),-52,7,-787,-687,,,,,1605,-1479,-1519
,007866,FCA,,ICB/Framework/PFSA/RDF-R/PH/01/19 - (Refill from P,-31,-812,,,,,,,859,-733,-843
,007870,FCA,,ICB/EPSA6/RDF-R/PH/13/22 (refill from PO No: 7540),-176,138,-791,,,,,,860,-734,-829
,007872,FOB,52N2425/GEP00168,ICB/EPSA6/RDF-R/PH/13/22 (refill order from PO No;,-36,12,-86,2,-695,,-694,,1610,-1484,-1497
,007874,FCA,,ICB/EPSA6/RDF-R/PH/13/22 (refill order from PO No;,-36,5,-798,-731,,,,,1646,-1520,-1560
,007867,FOB,,ICB/EPSA6/RDF-R/PH/09/22(Refill Order from PO 0072,-23,-54,-751,-705,,,,,1619,-1493,-1533
,007868,FOB,, ICB/EPSA6/RDF-R/PH/09/22(Refill order from PO 007,-23,-819,,,,,,,858,-732,-842
,007869,FOB,, ICB/EPSA6/RDF-R/PH/09/22(Refill order from PO 007,-23,-819,,,,,,,858,-732,-842
,007865,FCA,,ICB/EPSA6/RDF-R 2015/MS/LS/14/22,-857,,,,,,,,858,-732,-857
,007875,FCA,, ICB/Framework/PFSA6/RDF-R/PH/01/19(Refill order f,-42,36,-822,-725,,,,,1639,-1513,-1553
,007877,FCA,,ICB/EPSA6/RDF-R/PH/13/22 (refill order from PO No;,-35,-808,,,,,,,859,-733,-843
,007878,FCA,,ICB/EPSA6/RDF-R/PH/13/22 (refill order from PO No;,-857,,,,,,,,858,-732,-857
,007881,FOB,,ICB/EPSA6/RDF-R/PH/13/22 (refill order from PO No;,-48,9,-790,-704,,,,,1619,-1493,-1533
,007882,FCA,,ICB/EPSA6/RDF-R/PH/13/22 (split  from PO No;7557 ),-57,-1,-771,-704,,,,,1619,-1493,-1533
,007884,FCA,,ICB/EPSA6/RDF-R/PH/02/22(Refill order from PO 0070,-22,8,-813,,,,,,858,-732,-827
,007886,FOB,,ICB/Framework/PFSA6/RDF-R/PH/01/19(Refill order fr,-22,-29,-776,-657,,,,,1570,-1444,-1484
,007887,FOB,,ICB/EPSA6/RDF-R/PH/10/21(Refill order from PO# 006,-29,-29,-769,-704,,,,,1617,-1491,-1531
,007885,FCA,,"ICB/EPSA6/RDF-R/MS/LS/03/19 (Refill from PO,006653",-147,98,-777,,,,,,857,-731,-826
,007889,FOB,,ICB/EPSA6/RDF-R/PH/10/21(Refill order from 006766),-855,,,,,,,,856,-730,-855
,007890,FOB,,ICB/Framework/PFSA6/RDF-R/PH/01/19(Refill order fr,-32,-8,-787,-705,,,,,1618,-1492,-1532
,007891,FOB,,ICB/Framework/PFSA6/RDF-R/PH/01/19(Refill order fr,-40,-60,-726,-657,,,,,1569,-1443,-1483
,007892,FOB,,ICB/Framework/PFSA6/RDF-R/PH/01/19(Refill order fr,-22,4,-808,-737,,,,,1649,-1523,-1563
,007894,FOB,,ICB/Framwork/PFSA6/RDF-R/PH/01/19(Refill order fro,-39,12,-798,-731,,,,,1642,-1516,-1556
,007895,FOB,,ICB/Framework/PFSA6/RDF-R/PH/01/19(Refill order fr,-854,,,,,,,,855,-729,-854
,007696,FOB,,"ICB/EPSA6/RDF_Routine/MD/10/22(For ORHB, Split fro",-100,-7,-714,,,,,,852,-726,-821
,007898,FOB,, ICB/Framework/PFSA6/RDF-R/PH/01/19( refill order ,-849,,,,,,,,850,-724,-849
,007899,FOB,,ICB/EPSA6/RDF-R/PH/10/21( Refill order from PO# 00,-849,,-742,,,,,,1607,-1481,-1591
,007794,FOB,,ICB/EPSS6/MOH/GF-NFMIII/MRDT/24/23 ,-145,100,-772,,,,,,848,-722,-817
,007903,FOB,,ICB/EPSS6/MOH/GF-NFMIII/MRDT/LR/24/23(Refill PO 77,-145,100,-772,,,,,,848,-722,-817
,007900,FCA,,"ICB/PFSA6/RDF/FW/LR/04/2019(Refill, PO 007128)",-844,,,,,,,,845,-719,-844
,007901,FCA,,ICB/PFSA6/RDF/FW/LR/04/2019  (Refill PO 6651),-844,,,,,,,,845,-719,-844
,007904,FOB,, ICB/EPSA6/RDF-R & SDG 2015/MS/LS/14/22 - split of,-844,,,,,,,,845,-719,-844
,007905,FOB,, ICB/EPSA6/RDF-R & SDG 2015/MS/LS/14/22-split of P,-844,,,,,,,,845,-719,-844
,007908,FCA,, ICB/Framework/PFSA6/RDF-R/PH/01/19(refill order f,-841,,,,,,,,842,-716,-841
,007909,FOB,, ICB/EPSA6/RDF-R/PH/02/22(Refill order from PO 006,-34,24,-802,-699,,,,,1597,-1471,-1511
,007915,FCA,,ICB/EPSA6/RDF-R/PH/10/21( refill order from 006811,-15,-55,-738,,,,,,839,-713,-808
,007916,FOB,,ICB/Framework/PFSA6/RDF-R/PH/01/19(refill order fr,-24,-13,-771,-705,,,,,1599,-1473,-1513
,007914,FCA,,ICB/PSA6/RDF/Chem.&Reagents/LR/15/20(Refill PO 615,-112,-710,,,,,,,838,-712,-822
,007917,FCA,,ICB/Framwork/PFSA6/RDF-R/PH/01/19(refill order fro,-12,-60,-734,-687,,,,,1579,-1453,-1493
,007921,FCA,,ICB/EPSA6/RDF-R/PH/13/22 (refill from PO NO:7546),-110,-710,,,,,,,836,-710,-820
,007924,FCA,,ICB/Framework/PFSA6/RDF-R/PH/01/19(Refill order fr,-38,12,-777,,,,,,834,-708,-803
,007913,FOB,,ICB/EPSA6/RDF-Routine/MI/21/21( Split from PO:0077,-832,,,,,,,,833,-707,-832
,007927,FOB,,ICB/Framework/PFSA6/RDF-R/PH/01/19(refill order fr,-830,,,,,,,,831,-705,-830
,007704,FOB,,ICB/EPSA6/RDF_Routine/MD/10/22(For ORHB Qty 50 & f,-830,,,,,,,,831,-705,-830
,007929,FOB,,ICB/EPSA6/RDF-R/PH/10/21( Refill order from PO# 00,-14,-802,,,,,,,832,-706,-816
,007720,FOB,,ICB/EPSA6/RDF_Routine/MD/10/22(Split from PO: 0073,-830,,,,,,,,831,-705,-830
,007906,FOB,, ICB/EPSA6/RDF-Routine/MI/21/21 (Split from 007196,-80,-735,,,,,,,831,-705,-815
,007907,FOB,, ICB/EPSA6/RDF-Routine/MI/21/21 (Split from 007196,-830,,,,,,,,831,-705,-830
,007910,FOB,,ICB/EPSA6/RDF_Routine/MD/10/22( For Worabe Hospita,-105,0,-695,,,,,,831,-705,-800
,007912,FOB,,ICB/EPSA6/RDF-Routine/MI/21/21( for ORHB Split fro,-80,69,-790,-643,,,,,1530,-1404,-1444
,007844,FCA,,ICB/Framework/PFSA6/RDF-R/PH/01/19(split from 0071,-26,-787,,,,,,,829,-703,-813
,007846,FCA,,ICB/Framework/PFSA6/RDF-R/PH/01/19(split from 0071,-26,-787,,,,,,,829,-703,-813
,007847,FCA,,ICB/Framwork/PFSA6/RDF-R/PH/01/19(split from 00730,-22,-20,-757,-705,,,,,1590,-1464,-1504
,007880,FCA,,ICB/Framwork/PFSA6/RDF-R/PH/01/19(split from 00730,-22,-792,,,,,,,830,-704,-814
,007936,FOB,,ICB/EPSS6/RDF-F& SDG 2015/MS/LS/14/22,-828,,,,,,,,829,-703,-828
,007937,FOB,,ICB/EPSS6/RDF-F& SDG 2015/MS/LS/14/22,-828,,,,,,,,829,-703,-828
,007942,FOB,,ICB/Framework/PFSA6/RDF-R/PH/01/19(split from 0078,-18,7,-787,-705,,,,,1589,-1463,-1503
,007943,FOB,,ICB/Framework/PFSA6/RDF-R/PH/01/19 (split from 007,-18,-795,,,,,,,829,-703,-813
,007944,FOB,,ICB/Framework/PFSA6/RDF-R/PH/01/19(split from 0078,-14,-799,,,,,,,829,-703,-813
,007945,FOB,,ICB/Framework/PFSA6/RDF-R/PH/01/19(Split from 7861,-14,-46,-738,-657,,,,,1541,-1415,-1455
,007934,FOB,,ICB/EPSA6/RDF-Routine/MI/21/21( Split From PO:0070,-823,,,,,,,,824,-698,-823
,007935,FOB,,ICB/EPSA6/RDF-Routine/MI/21/21( Split From PO:0070,-823,,,,,,,,824,-698,-823
,007705,FOB,,ICB/EPSA6/RDF_Routine/MD/10/22(Split from PO: 0074,-822,,,,,,,,823,-697,-822
,007717,FOB,,"ICB/EPSA6/RDF_Routine/MD/10/22(4 Qty for SRHB, 3 Q",-822,,,,,,,,823,-697,-822
,007955,FCA,,ICB/EPSS6/RDF-R/LR/11/23,-92,-715,,,,,,,823,-697,-807
,007956,FCA,,ICB/EPSS6/RDF-R/LR/11/23,-92,-715,,,,,,,823,-697,-807
,007957,FCA,,ICB/EPSS6/RDF-R/LR/11/23,-92,-715,,,,,,,823,-697,-807
,007958,FCA,,ICB/EPSS6/RDF-R/LR/11/23,-91,-716,,,,,,,823,-697,-807
,007959,FCA,,ICB/EPSS6/RDF-R/LR/11/23,-821,,,,,,,,822,-696,-821
,007960,FCA,,ICB/EPSS6/RDF-R/LR/11/23,-33,-773,,,,,,,822,-696,-806
,Non Standard PO 70014093,FCA,,Non Standard PO 70014093,-818,,,,,,,,819,-693,-818
,007965,FCA,,ICB/EPSA6/RDF-R/PH/10/21( Refill from order no.006,-91,42,-738,,,,,,818,-692,-787
,007966,FCA,,ICB/Framework/PFSA6/RDF-R/PH/01/19(refill from po ,-91,42,-738,,,,,,818,-692,-787
,NON Standard 70014093,FCA,,NON Standard 70014093,-814,,,,,,,,815,-689,-814
,007969,FCA,,ICB/EPSA6/MOH-SDG-MOFED/FH/PH/15/22(Refill order f,-28,-26,-726,,,,,,811,-685,-780
,007967,FOB,,ICB/EPSA6/MOH-SDG-WB-BUFFET/FH/PH/07/23,-56,-33,-690,,,,,,810,-684,-779
,007972,FOB,,ICB/PSA6/RDF/CT&MRI/MI/25/19 (Refill from PO No. 0,-801,,,,,,,,802,-676,-801
,007973,FOB,,ICB/PSA6/RDF/CT&MRI/MI/25/19 (Refill from PO No. 0,-801,,,,,,,,802,-676,-801
,007976,FCA,,ICB/Framework/PFSA6/RDF-R/PH/01/19(splited from po,-45,-741,,,,,,,802,-676,-786
,007977,FCA,,ICB/EPSA6/RDF_Routine/MD/10/22(Split from 7911: fo,-76,0,-695,,,,,,802,-676,-771
,007978,FOB,,ICB/EPSA6/RDF_Routine/MD/10/22(Split from po:00791,-76,0,-695,,,,,,802,-676,-771
,007979,Cost and Freight,,EPSS6/DT/MOH-GF/Malaria/PH/02/23 (Refill from 0079,-20,1,-751,-643,,,,,1499,-1373,-1413
,007982,FCA,,ICB/Framework/EPSS6/RDF-R/PH/06/23,-48,-14,-703,,,,,,796,-670,-765
,007983,FCA,,ICB/Framework/EPSS6/RDF-R/PH/06/23,-57,-19,-690,,,,,,797,-671,-766
,007984,FCA,,ICB/Framework/EPSS6/RDF-R/PH/06/23,-48,-732,,,,,,,796,-670,-780
,007985,FCA,,ICB/Framework/EPSS6/RDF-R/PH/06/23,-93,-687,,,,,,,796,-670,-780
,007988,FCA,,ICB/Framework/EPSS6/RDF-R/PH/06/23,-66,-715,,,,,,,797,-671,-781
,007990,FCA,,ICB/Framework/EPSS6/RDF-R/PH/06/23,-795,,,,,,,,796,-670,-795
,007993,FCA,,ICB/Framework/EPSS6/RDF-R/PH/06/23,-795,,,,,,,,796,-670,-795
,007994,FCA,,ICB/Framework/EPSS6/RDF-R/PH/06/23,-94,-686,,,,,,,796,-670,-780
,007995,FCA,,ICB/Framework/EPSS6/RDF-R/PH/06/23,-93,-687,,,,,,,796,-670,-780
,007996,FCA,, ICB/Framework/EPSS6/RDF-R/PH/06/23,-795,,,,,,,,796,-670,-795
,007997,FCA,,ICB/Framework/EPSS6/RDF-R/PH/06/23,-95,-685,,,,,,,796,-670,-780
,008002,FCA,,ICB/Framework/EPSS6/RDF-R/PH/06/23,-65,-716,,,,,,,797,-671,-781
,008003,FCA,,ICB/Framework/EPSS6/RDF-R/PH/06/23,-795,,,,,,,,796,-670,-795
,008004,FCA,, ICB/Framework/EPSS6/RDF-R/PH/06/23,-795,,,,,,,,796,-670,-795
,008005,FCA,,ICB/Framework/EPSS6/RDF-R/PH/06/23,-795,,,,,,,,796,-670,-795
,008006,FCA,,ICB/Framework/EPSS6/RDF-R/PH/06/23,-795,,,,,,,,796,-670,-795
,008007,FCA,,ICB/Framework/EPSS6/RDF-R/PH/06/23,-65,-715,,,,,,,796,-670,-780
,008008,FCA,,ICB/Framework/EPSS6/RDF-R/PH/06/23,-795,,,,,,,,796,-670,-795
,008009,FCA,,ICB/Framework/EPSS6/RDF-R/PH/06/23,-795,,,,,,,,796,-670,-795
,008010,FCA,,ICB/Framework/EPSS6/RDF-R/PH/06/23,-795,,,,,,,,796,-670,-795
,008011,FCA,, ICB/Framework/EPSS6/RDF-R/PH/06/23,-795,,,,,,,,796,-670,-795
,008012,FCA,,ICB/Framework/EPSS6/RDF-R/PH/06/23,-795,,,,,,,,796,-670,-795
,008013,FCA,,ICB/Framework/EPSS6/RDF-R/PH/06/23,-795,,,,,,,,796,-670,-795
,008014,FCA,,ICB/Framework/EPSS6/RDF-R/PH/06/23,-795,,,,,,,,796,-670,-795
,008015,FCA,, ICB/Framework/EPSS6/RDF-R/PH/06/23,-795,,,,,,,,796,-670,-795
,008016,FCA,,ICB/Framework/EPSS6/RDF-R/PH/06/23,-795,,,,,,,,796,-670,-795
,008017,FCA,,ICB/Framework/EPSS6/RDF-R/PH/06/23,-795,,,,,,,,796,-670,-795
,008018,FCA,,ICB/Framework/EPSS6/RDF-R/PH/06/23,-795,,,,,,,,796,-670,-795
,008019,FCA,,ICB/Framework/EPSS6/RDF-R/PH/06/23,-93,-687,,,,,,,796,-670,-780
,008020,FCA,,ICB/Framework/EPSS6/RDF-R/PH/06/23,-795,,,,,,,,796,-670,-795
,008021,FCA,,ICB/Framework/EPSS6/RDF-R/PH/06/23,-795,,,,,,,,796,-670,-795
,008022,FCA,,ICB/Framework/EPSS6/RDF-R/PH/06/23,-795,,,,,,,,796,-670,-795
,008023,FCA,, ICB/Framework/EPSS6/RDF-R/PH/06/23,-795,,,,,,,,796,-670,-795
,008024,FCA,, ICB/Framework/EPSS6/RDF-R/PH/06/23,-48,-732,,,,,,,796,-670,-780
,008025,FCA,,ICB/Framework/EPSS6/RDF-R/PH/06/23,-795,,,,,,,,796,-670,-795
,008026,FCA,,ICB/Framework/EPSS6/RDF-R/PH/06/23,-795,,,,,,,,796,-670,-795
,008027,FCA,,ICB/Framework/EPSS6/RDF-R/PH/06/23,-795,,,,,,,,796,-670,-795
,008028,FCA,,ICB/Framework/EPSS6/RDF-R/PH/06/23,-795,,,,,,,,796,-670,-795
,008029,FCA,, ICB/Framework/EPSS6/RDF-R/PH/06/23,-795,,,,,,,,796,-670,-795
,008030,FCA,,ICB/Framework/EPSS6/RDF-R/PH/06/23,-795,,,,,,,,796,-670,-795
,008031,FCA,,ICB/Framework/EPSS6/RDF-R/PH/06/23,-795,,,,,,,,796,-670,-795
,008032,FCA,,ICB/Framework/EPSS6/RDF-R/PH/06/23,-795,,,,,,,,796,-670,-795
,008033,FCA,,ICB/Framework/EPSS6/RDF-R/PH/06/23,-795,,,,,,,,796,-670,-795
,008034,FCA,,ICB/Framework/EPSS6/RDF-R/PH/06/23,-795,,,,,,,,796,-670,-795
,008035,FCA,,ICB/Framework/EPSS6/RDF-R/PH/06/23,-60,-720,,,,,,,796,-670,-780
,008036,FCA,,ICB/Framework/EPSS6/RDF-R/PH/06/23,-795,,,,,,,,796,-670,-795
,008037,FCA,,ICB/Framework/EPSS6/RDF-R/PH/06/23,-80,-700,,,,,,,796,-670,-780
,008038,FCA,, ICB/Framework/EPSS6/RDF-R/PH/06/23,-795,,,,,,,,796,-670,-795
,008039,FCA,,ICB/Framework/EPSS6/RDF-R/PH/06/23,-795,,,,,,,,796,-670,-795
,008040,FCA,,ICB/Framework/EPSS6/RDF-R/PH/06/23,-795,,,,,,,,796,-670,-795
,008041,FCA,,ICB/Framework/EPSS6/RDF-R/PH/06/23,-795,,,,,,,,796,-670,-795
,008042,FCA,,ICB/Framework/EPSS6/RDF-R/PH/06/23,-795,,,,,,,,796,-670,-795
,008043,FCA,,ICB/Framework/EPSS6/RDF-R/PH/06/23,-795,,,,,,,,796,-670,-795
,008044,FCA,, ICB/Framework/EPSS6/RDF-R/PH/06/23,-795,,,,,,,,796,-670,-795
,008045,FCA,,ICB/Framework/EPSS6/RDF-R/PH/06/23,-795,,,,,,,,796,-670,-795
,008046,FCA,,ICB/Framework/EPSS6/RDF-R/PH/06/23,-795,,,,,,,,796,-670,-795
,008047,FCA,,ICB/Framework/EPSS6/RDF-R/PH/06/23,-795,,,,,,,,796,-670,-795
,008048,FCA,, ICB/Framework/EPSS6/RDF-R/PH/06/23,-795,,,,,,,,796,-670,-795
,008049,FCA,,ICB/Framework/EPSS6/RDF-R/PH/06/23,-795,,,,,,,,796,-670,-795
,008050,FCA,,ICB/Framework/EPSS6/RDF-R/PH/06/23,-795,,,,,,,,796,-670,-795
,008051,FCA,,ICB/Framework/EPSS6/RDF-R/PH/06/23,-795,,,,,,,,796,-670,-795
,008052,FCA,,ICB/Framework/EPSS6/RDF-R/PH/06/23,-795,,,,,,,,796,-670,-795
,008053,FCA,, ICB/Framework/EPSS6/RDF-R/PH/06/23,-795,,,,,,,,796,-670,-795
,008054,FCA,, ICB/Framework/EPSS6/RDF-R/PH/06/23,-795,,,,,,,,796,-670,-795
,008055,FCA,,ICB/Framework/EPSS6/RDF-R/PH/06/23,-795,,,,,,,,796,-670,-795
,008056,FCA,,ICB/Framework/EPSS6/RDF-R/PH/06/23,-795,,,,,,,,796,-670,-795
,008057,FCA,,ICB/Framework/EPSS6/RDF-R/PH/06/23,-93,-687,,,,,,,796,-670,-780
,008058,FCA,,ICB/Framework/EPSS6/RDF-R/PH/06/23,-795,,,,,,,,796,-670,-795
,008059,FCA,,ICB/Framework/EPSS6/RDF-R/PH/06/23,-60,-7,-699,,,,,,797,-671,-766
,008060,FCA,,ICB/Framework/EPSS6/RDF-R/PH/06/23,-795,,,,,,,,796,-670,-795
,008061,FCA,, ICB/Framework/EPSS6/RDF-R/PH/06/23,-795,,,,,,,,796,-670,-795
,008062,FCA,,ICB/Framework/EPSS6/RDF-R/PH/06/23,-93,27,-699,,,,,,796,-670,-765
,008063,FCA,, ICB/Framework/EPSS6/RDF-R/PH/06/23,-795,,,,,,,,796,-670,-795
,008064,FCA,,ICB/Framework/EPSS6/RDF-R/PH/06/23,-795,,,,,,,,796,-670,-795
,008066,FCA,,ICB/Framework/EPSS6/RDF-R/PH/06/23,-795,,,,,,,,796,-670,-795
,008067,FCA,,ICB/Framework/EPSS6/RDF-R/PH/06/23,-795,,,,,,,,796,-670,-795
,008068,FCA,,ICB/Framework/EPSS6/RDF-R/PH/06/23,-795,,,,,,,,796,-670,-795
,008069,FCA,, ICB/Framework/EPSS6/RDF-R/PH/06/23,-795,,,,,,,,796,-670,-795
,008070,FCA,,ICB/Framework/EPSS6/RDF-R/PH/06/23,-794,,,,,,,,795,-669,-794
,008071,FCA,,ICB/Framework/EPSS6/RDF-R/PH/06/23,-794,,,,,,,,795,-669,-794
,008072,FCA,,ICB/Framework/EPSS6/RDF-R/PH/06/23,-794,,,,,,,,795,-669,-794
,008073,FCA,, ICB/Framework/EPSS6/RDF-R/PH/06/23,-794,,,,,,,,795,-669,-794
,008074,FCA,,ICB/Framework/EPSS6/RDF-R/PH/06/23,-794,,,,,,,,795,-669,-794
,008075,FCA,,ICB/Framework/EPSS6/RDF-R/PH/06/23,-794,,,,,,,,795,-669,-794
,008076,FCA,,ICB/Framework/EPSS6/RDF-R/PH/06/23,-794,,,,,,,,795,-669,-794
,008077,FCA,, ICB/Framework/EPSS6/RDF-R/PH/06/23,-794,,,,,,,,795,-669,-794
,008078,FCA,,ICB/Framework/EPSS6/RDF-R/PH/06/23,-794,,,,,,,,795,-669,-794
,008079,FCA,,ICB/Framework/EPSS6/RDF-R/PH/06/23,-92,-687,,,,,,,795,-669,-779
,008080,FCA,, ICB/Framework/EPSS6/RDF-R/PH/06/23,-92,-687,,,,,,,795,-669,-779
,008081,FCA,,ICB/Framework/EPSS6/RDF-R/PH/06/23,-794,,,,,,,,795,-669,-794
,008082,FCA,,ICB/Framework/EPSS6/RDF-R/PH/06/23,-794,,,,,,,,795,-669,-794
,008083,FCA,,ICB/Framework/EPSS6/RDF-R/PH/06/23,-48,-732,,,,,,,796,-670,-780
,008084,FCA,,ICB/Framework/EPSS6/RDF-R/PH/06/23,-48,-14,-703,,,,,,796,-670,-765
,008085,FCA,,ICB/Framework/EPSS6/RDF-R/PH/06/23,-794,,,,,,,,795,-669,-794
,008086,FCA,,ICB/Framework/EPSS6/RDF-R/PH/06/23,-794,,,,,,,,795,-669,-794
,008087,FCA,,ICB/Framework/EPSS6/RDF-R/PH/06/23,-45,-735,,-692,,,,,1543,-1417,-1472
,008088,FCA,,ICB/Framework/EPSS6/RDF-R/PH/06/23,-66,0,-699,,,,,,796,-670,-765
,008089,FCA,,ICB/Framework/EPSS6/RDF-R/PH/06/23,-794,,,,,,,,795,-669,-794
,008090,FCA,, ICB/Framework/EPSS6/RDF-R/PH/06/23,-79,-700,,,,,,,795,-669,-779
,008091,FCA,,ICB/Framework/EPSS6/RDF-R/PH/06/23,-794,,,,,,,,795,-669,-794
,008092,FCA,,ICB/Framework/EPSS6/RDF-R/PH/06/23,-794,,,,,,,,795,-669,-794
,008093,Cost and Freight,,ICB/Framework/EPSS6/RDF-R/PH/06/23,-793,,,,,,,,794,-668,-793
,008094,Cost and Freight,,ICB/Framework/EPSS6/RDF-R/PH/06/23,-793,,,,,,,,794,-668,-793
,007918,FCA,,EPSA6/RT2/FW/MOH-GF-TB-Kit/PH/01/21,-791,,,,,,,,792,-666,-791
,008099,FCA,,EPSA6/RT2/FW/MOH-GF-TB-Kit/PH/01/21,-76,-687,,,,,,,779,-653,-763
,008100,FCA,,EPSA6/RT2/FW/MOH-GF-TB-Kit/PH/01/21,-76,-687,,,,,,,779,-653,-763
,008101,FCA,,ICB/EPSS6/MOH-BMGF-BUFFET-Capital -SDG/FH/ &Others,-777,,,,,,,,778,-652,-777
,008102,FOB,, ICB/EPSS6/MOH-BMGF-BUFFET-Capital -SDG/FH/ &Other,-777,,,,,,,,778,-652,-777
,008103,FOB,, ICB/EPSS6/MOH-BMGF-BUFFET-Capital -SDG/FH/ &Other,-777,,,,,,,,778,-652,-777
,008104,FOB,, ICB/EPSS6/MOH-BMGF-BUFFET-Capital -SDG/FH/ &Other,-777,,,,,,,,778,-652,-777
,008105,FOB,,ICB/EPSS6/MOH-BMGF-BUFFET-Capital -SDG/FH/ &Others,-777,,,,,,,,778,-652,-777
,008106,FOB,,ICB/EPSS6/MOH-BMGF-BUFFET-Capital -SDG/FH/ &Others,-56,-707,,,,,,,779,-653,-763
,008107,FOB,,ICB/EPSS6/MOH-BMGF-BUFFET-Capital -SDG/FH/ &Others,-56,-707,,,,,,,779,-653,-763
,008108,FCA,,ICB/EPSS6/MOH-BMGF-BUFFET-Capital -SDG/FH/ &Others,-68,-695,,,,,,,779,-653,-763
,008109,FCA,,ICB/EPSS6/MOH-BMGF-BUFFET-Capital -SDG/FH/ &Others,-777,,-690,,,,,,1483,-1357,-1467
,008110,FOB,, ICB/EPSS6/MOH-BMGF-BUFFET-Capital -SDG/FH/ &Other,-89,50,-709,,,,,,779,-653,-748
,008111,FCA,,ICB/EPSS6/MOH-BMGF-BUFFET-Capital -SDG/FH/ &Others,-41,-5,-702,,,,,,779,-653,-748
,008112,FCA,, ICB/EPSS6/MOH-BMGF-BUFFET-Capital -SDG/FH/ &Other,-777,,-699,,,,,,1492,-1366,-1476
,008113,FCA,,ICB/EPSS6/MOH-BMGF-BUFFET-Capital -SDG/FH/ &Others,-89,30,-689,,,,,,779,-653,-748
,008114,FOB,,ICB/EPSS6/MOH-BMGF-BUFFET-Capital -SDG/FH/ &Others,-777,,,,,,,,778,-652,-777
,008115,FOB,,ICB/EPSS6/MOH-BMGF-BUFFET-Capital -SDG/FH/ &Others,-88,34,-694,,,,,,779,-653,-748
,008116,FOB,, ICB/EPSS6/MOH-BMGF-BUFFET-Capital -SDG/FH/ &Other,-777,,,,,,,,778,-652,-777
,008117,FCA,,ICB/EPSS6/MOH-BMGF-BUFFET-Capital -SDG/FH/ &Others,-91,-671,,,,,,,778,-652,-762
,008118,FOB,,ICB/EPSS6/RDF/MD/ORHB/16/23 (PO Splitted from PO:0,-35,40,-749,,,,,,775,-649,-744
,008119,FCA,,ICB/EPSS6/RDF/MD/ORHB/16/23 (PO Splitted from PO:0,-772,,-749,,,,,,1537,-1411,-1521
,008120,FOB,,ICB/EPSS6/RDF/MD/ORHB/16/23 (25% Refill from PO:00,-33,14,-722,,,,,,772,-646,-741
,008125,FCA,,ICB/EPSS6/RDF-R/PH/23/23,-14,-21,-699,,,,,,765,-639,-734
,008126,FCA,,ICB/EPSS6/RDF-R/PH/23/23,-13,-735,,,,,,,764,-638,-748
,008127,FCA,,ICB/EPSS6/RDF-R/PH/23/23,-13,-735,,,,,,,764,-638,-748
,008129,FCA,,ICB/EPSS6/RDF-R/PH/23/23,-31,-7,-695,,,,,,764,-638,-733
,008130,FCA,,ICB/EPSS6/RDF-R/PH/23/23,-31,-717,,,,,,,764,-638,-748
,008132,FOB,,ICB/EPSS6/RDF-R/PH/23/23,-17,-19,-695,,,,,,762,-636,-731
,008133,FCA,,ICB/EPSS6/RDF-R/PH/23/23,-31,-715,,,,,,,762,-636,-746
,008134,FCA,,ICB/EPSS6/RDF-R/PH/23/23,-57,20,-695,,,,,,763,-637,-732
,008135,FCA,,ICB/EPSS6/RDF-R/PH/23/23,-61,-685,,,,,,,762,-636,-746
,008136,FCA,,ICB/EPSS6/RDF-R/PH/23/23,-761,,,,,,,,762,-636,-761
,008137,FCA,,ICB/EPSS6/RDF-R/PH/23/23,-61,-685,,,,,,,762,-636,-746
,008138,FCA,,ICB/EPSS6/RDF-R/PH/23/23,-47,-699,,,,,,,762,-636,-746
,008139,FCA,,ICB/EPSS6/RDF-R/PH/23/23,-47,-699,,,,,,,762,-636,-746
,008140,FCA,,ICB/EPSS6/RDF-R/PH/23/23,-47,-699,,,,,,,762,-636,-746
,008141,FCA,,ICB/EPSS6/RDF-R/PH/23/23,-60,-685,,,,,,,761,-635,-745
,008144,FCA,,ICB/EPSS6/RDF-R/PH/27/23,-28,-716,,,,,,,760,-634,-744
,008145,FCA,,ICB/EPSS6/RDF-R/PH/27/23,-28,-716,,,,,,,760,-634,-744
,008146,FCA,,ICB/EPSS6/RDF-R/PH/27/23,-21,-11,-695,,,,,,758,-632,-727
,007987,FOB,,ICB/EPSS6/RDF-R/PH/27/23,-9,-729,,,,,,,754,-628,-738
,007989,FOB,,ICB/EPSS6/RDF-R/PH/27/23,-9,-729,,,,,,,754,-628,-738
,007991,FCA,,ICB/EPSS6/RDF-R/PH/27/23,-9,-729,,,,,,,754,-628,-738
,007992,FOB,,ICB/EPSS6/RDF-R/PH/27/23,-9,-729,,,,,,,754,-628,-738
,007999,FOB,,ICB/EPSS6/RDF-R/PH/27/23,-751,,,,,,,,752,-626,-751
,008151,FCA,,ICB/EPSS6/RDF-R/PH/27/23,-15,-721,,,,,,,752,-626,-736
,008152,FOB,,ICB/EPSS6/RDF/MD/ORHB/16/23,-750,,,,,,,,751,-625,-750
,007998,FCA,, ICB/EPSS6/RDF-R/PH/27/23,-11,-724,,,,,,,751,-625,-735
,008000,FOB,,ICB/EPSS6/RDF-R/PH/27/23,-18,-717,,,,,,,751,-625,-735
,008001,FOB,,ICB/EPSS6/RDF-R/PH/27/23,-750,,,,,,,,751,-625,-750
,008153,FCA,,ICB/EPSS6/RDF-R/PH/23/23,-5,7,-722,-648,,,,,1454,-1328,-1368
,008131,FCA,,ICB/EPSS6/RDF-R/PH/23/23,-21,-710,,,,,,,747,-621,-731
,008128,FCA,,ICB/EPSS6/RDF-R/PH/23/23,-21,10,-706,,,,,,748,-622,-717
,008161,FCA,,ICB/EPSS6/RDF/MD/ORHB/16/23 (Split from : 007811),-8,4,-710,,,,,,745,-619,-714
,008162,FOB,,ICB/EPSS6/RDF/MD/ORHB/16/23 (Split From: 007811),-12,7,-710,,,,,,746,-620,-715
,008163,FOB,,ICB/EPSS6/RDF/MD/ORHB/16/23 ( Split from : 007811),-12,7,-710,,,,,,746,-620,-715
,008164,FOB,,ICB/EPSS6/RDF/MD/ORHB/16/23 ( Split from : 007811),-8,4,-710,,,,,,745,-619,-714
,008165,FCA,,ICB/EPSS6/RDF-R/PH/23/23,-743,,,,,,,,744,-618,-743
,008149,FOB,, ICB/EPSS6/MOH-BMGF-BUFFET-Capital -SDG/FH/ &Other,-742,,,,,,,,743,-617,-742
,008150,FCA,, ICB/EPSS6/MOH-BMGF-BUFFET-Capital -SDG/FH/ &Other,-742,,-690,,,,,,1448,-1322,-1432
,008166,Cost and Freight,,EPSS6/DT/GF5457/BIO-RAD/LR/02/24,-32,14,-693,,,,,,742,-616,-711
,008171,FOB,,ICB/EPSS6/MOF/LR/MS/01/24,-738,,,,,,,,739,-613,-738
,008172,FCA,,ICB/EPSS6/MOF/LR/MS/01/24,-738,,,,,,,,739,-613,-738
,008173,FCA,,ICB/EPSS6/MOH-BMGF-BUFFET-Capital -SDG/FH/ &Others,-737,,,,,,,,738,-612,-737
,008174,FOB,,ICB/EPSS6/MOH-BMGF-BUFFET-Capital -SDG/FH/ &Others,-43,-679,,,,,,,738,-612,-722
,008175,FOB,,ICB/EPSS6/MOH-BMGF-BUFFET-Capital -SDG/FH/ &Others,-737,,,,,,,,738,-612,-737
,008180,FCA,,Call off ICB/PFSA6/RDF/FW/PLACEMENT/LR/20/18,-731,,-675,,,,,,1422,-1296,-1406
,008181,FOB,,ICB/EPSS6/MOH-SDG/MD/29/23,-730,,,,,,,,731,-605,-730
,008182,FOB,,ICB/EPSS6/MOH-SDG/MD/29/23,-730,,,,,,,,731,-605,-730
,008184,FOB,,ICB/EPSS6/MOH-SDG/MD/29/23,-730,,,,,,,,731,-605,-730
,008187,FOB,,ICB/EPSS6/MOH-SDG/MD/29/23,-730,,,,,,,,731,-605,-730
,008188,FOB,,ICB/EPSS6/MOH-SDG/MD/29/23,-730,,,,,,,,731,-605,-730
,008191,FOB,,ICB/EPSS6/MOH-SDG/MD/29/23,-730,,,,,,,,731,-605,-730
,008192,FOB,,ICB/EPSS6/MOH-SDG/MD/29/23,-729,,,,,,,,730,-604,-729
,008193,FOB,,ICB/EPSS6/MOH-SDG/MD/29/23,-729,,,,,,,,730,-604,-729
,008194,FOB,,ICB/EPSS6/MOH-SDG/MD/29/23,-729,,,,,,,,730,-604,-729
,008195,FOB,,ICB/EPSS6/MOH-SDG/MD/29/23,-729,,,,,,,,730,-604,-729
,008196,FOB,,ICB/EPSS6/MOH-SDG/MD/29/23,-729,,,,,,,,730,-604,-729
,008198,FOB,,ICB/EPSS6/MOH-SDG/MD/29/23,-729,,,,,,,,730,-604,-729
,008200,FOB,,ICB/EPSS6/MOH-SDG/MD/29/23,-729,,,,,,,,730,-604,-729
,008201,FOB,,ICB/EPSS6/MOH-SDG/MD/29/23,-729,,,,,,,,730,-604,-729
,008202,FOB,,ICB/EPSS6/MOH-SDG/MD/29/23,-729,,,,,,,,730,-604,-729
,008203,FOB,,ICB/EPSS6/MOH-SDG/MD/29/23,-729,,,,,,,,730,-604,-729
,008204,FOB,,ICB/EPSS6/MOH-SDG/MD/29/23,-729,,,,,,,,730,-604,-729
,008205,FOB,,ICB/EPSS6/MOH-SDG/MD/29/23,-729,,,,,,,,730,-604,-729
,008206,FOB,,ICB/EPSS6/MOH-SDG/MD/29/23,-729,,,,,,,,730,-604,-729
,008208,FOB,,ICB/EPSS6/MOH-SDG/MD/29/23,-729,,,,,,,,730,-604,-729
,008209,FOB,,ICB/EPSS6/MOH-SDG/MD/29/23,-729,,,,,,,,730,-604,-729
,008210,FOB,,ICB/EPSS6/MOH-SDG/MD/29/23,-729,,,,,,,,730,-604,-729
,008211,FOB,,ICB/EPSS6/MOH-SDG/MD/29/23,-729,,,,,,,,730,-604,-729
,008212,FOB,,ICB/EPSS6/MOH-SDG/MD/29/23,-729,,,,,,,,730,-604,-729
,008213,FOB,,ICB/EPSS6/MOH-SDG/MD/29/23,-729,,,,,,,,730,-604,-729
,008214,FOB,,ICB/EPSS6/MOH-SDG/MD/29/23,-729,,,,,,,,730,-604,-729
,008215,FOB,,ICB/EPSS6/MOH-SDG/MD/29/23,-729,,,,,,,,730,-604,-729
,008216,FOB,,ICB/EPSS6/MOH-SDG/MD/29/23,-729,,,,,,,,730,-604,-729
,008217,FOB,,ICB/EPSS6/MOH-SDG/MD/29/23,-729,,,,,,,,730,-604,-729
,008218,FOB,,ICB/EPSS6/MOH-SDG/MD/29/23,-729,,,,,,,,730,-604,-729
,008219,FOB,,ICB/EPSS6/MOH-SDG/MD/29/23,-729,,,,,,,,730,-604,-729
,008220,FOB,,ICB/EPSS6/MOH-SDG/MD/29/23,-729,,,,,,,,730,-604,-729
,008221,FOB,,ICB/EPSS6/MOH-SDG/MD/29/23,-729,,,,,,,,730,-604,-729
,008222,FOB,,ICB/EPSS6/MOH-SDG/MD/29/23,-729,,,,,,,,730,-604,-729
,008223,FOB,,ICB/EPSS6/MOH-SDG/MD/29/23,-729,,,,,,,,730,-604,-729
,008224,FOB,,ICB/EPSS6/MOH-SDG/MD/29/23,-729,,,,,,,,730,-604,-729
,008225,FOB,,ICB/EPSS6/MOH-SDG/MD/29/23,-729,,,,,,,,730,-604,-729
,008142,FOB,,ICB/EPSA6/RDF-Routine/MI/21/21(For SRHB split from,-728,,,,,,,,729,-603,-728
,008143,FOB,,ICB/EPSA6/RDF-Routine/MI/21/21(Split from PO: 0077,-728,,,,,,,,729,-603,-728
,008226,FOB,,ICB/EPSS6/MOH-SDG/MD/29/23,-728,,,,,,,,729,-603,-728
,008176,FCA,,Call off from ICB/PSA6/SDG/PLACEMENT/LR/32/19,-28,10,-681,,,,,,730,-604,-699
,008228,FOB,,ICB/EPSS6/MOH-SDG/MD/29/23,-728,,,,,,,,729,-603,-728
,008234,FOB,,Call off  ICB/PFSA6/RDF/FW/PLACEMENT/LR/20/18,-725,,-675,,,,,,1416,-1290,-1400
,008235,FCA,,Call off  ICB/PFSA6/RDF/FW/PLACEMENT/LR/20/18,-725,,-675,,,,,,1416,-1290,-1400
,008237,FOB,,ICB/EPSS6/RDF/MD/ORHB/16/23( Refill from 007840),-724,,,,,,,,725,-599,-724
,008238,FOB,,ICB/EPSS6/RDF/MD/ORHB/16/23(Refill From 7811),-11,-699,,,,,,,726,-600,-710
,008229,FOB,, ICB/EPSA6/RDF-Routine/MI/21/21 (Split from PO: 00,-30,-680,,,,,,,726,-600,-710
,008230,FOB,, ICB/EPSA6/RDF-Routine/MI/21/21 (For SRHB split fr,-30,-680,,,,,,,726,-600,-710
,008241,FOB,,ICB/EPSA6/MOH-SDG/FH/PH/15/22 (Refill from PO 0074,-23,3,-675,,,,,,726,-600,-695
,008255,FOB,,ICB/EPSA6/RDF-R/PH/13/23,-722,,,,,,,,723,-597,-722
,008242,FOB,,"ICB/EPSS6/Routine, SRHB & SG/MD/26/23",-718,,,,,,,,719,-593,-718
,008248,FOB,,"ICB/EPSS6/Routine, SRHB & SG/MD/26/23",-718,,,,,,,,719,-593,-718
,008250,FOB,,"ICB/EPSS6/Routine, SRHB & SG/MD/26/23 (For Somali ",-718,,,,,,,,719,-593,-718
,008254,FOB,,"ICB/EPSS6/Routine, SRHB & SG/MD/26/23 (For Somali ",-717,,,,,,,,718,-592,-717
,008256,FOB,,"ICB/EPSS6/Routine, SRHB & SG/MD/26/23",-717,,,,,,,,718,-592,-717
,008259,FOB,,ICB/EPSA6/MOH-WB-BUFFET/FH/PH/07/23(refill from PO,-15,4,-675,,,,,,717,-591,-686
,008244,FOB,,"ICB/EPSS6/Routine, SRHB & SG/MD/26/23 (For Spanish",-714,,,,,,,,715,-589,-714
,008247,FOB,,"ICB/EPSS6/Routine, SRHB & SG/MD/26/23 (For Somali ",-714,,,,,,,,715,-589,-714
,008249,FOB,,"ICB/EPSS6/Routine, SRHB & SG/MD/26/23 (For Somali ",-714,,,,,,,,715,-589,-714
,008260,FOB,,ICB/EPSS6/RDF-R2016/MS/LS/12/23,-712,,,,,,,,713,-587,-712
,008243,FCA,,"ICB/EPSS6/Routine, SRHB & SG/MD/26/23 (For Somali ",-711,,,,,,,,712,-586,-711
,008245,FOB,,"ICB/EPSS6/Routine, SRHB & SG/MD/26/23 (For Somali ",-711,,,,,,,,712,-586,-711
,008246,FOB,,"ICB/EPSS6/Routine, SRHB & SG/MD/26/23 (For Somali ",-711,,,,,,,,712,-586,-711
,008257,FOB,,ICB/EPSS6/MOH-BMGF-BUFFET-Capital -SDG/FH/ &Others,-710,,,,,,,,711,-585,-710
,008258,FOB,,ICB/EPSS6/MOH-BMGF-BUFFET-Capital -SDG/FH/ &Others,-710,,,,,,,,711,-585,-710
,008261,FOB,,"ICB/EPSS6/Routine, SRHB & SG/MD/26/23 (For Somali ",-709,,,,,,,,710,-584,-709
,008262,FOB,,"ICB/EPSS6/Routine, SRHB & SG/MD/26/23 (For Somali ",-709,,,,,,,,710,-584,-709
,008263,FCA,,"ICB/EPSS6/Routine, SRHB & SG/MD/26/23 (For Somali ",-709,,,,,,,,710,-584,-709
,008264,FOB,,PFSA6/R-T-2/RDF/MI/04/18(Split from 004764)(Split ,-708,,,,,,,,709,-583,-708
,008265,FOB,,PFSA6/R-T-2/RDF/MI/04/18(Split from 004764)(Split ,-708,,,,,,,,709,-583,-708
,008266,FOB,,PFSA6/R-T-2/RDF/MI/04/18(Split from 004764)(Split ,-708,,,,,,,,709,-583,-708
,008267,FOB,, ICB/EPSA6/RDF-Routine/MI/21/21 (Split from PO: 00,-708,,,,,,,,709,-583,-708
,008268,FOB,, ICB/EPSA6/RDF-Routine/MI/21/21 (Split from PO: 00,-708,,,,,,,,709,-583,-708
,008269,FOB,,ICB/EPSA6/RDF-Routine/MI/21/21(Split from PO: 0077,-708,,,,,,,,709,-583,-708
,008270,FOB,,ICB/EPSA6/RDF-Routine/MI/21/21(Split from PO: 0077,-708,,,,,,,,709,-583,-708
,008271,FOB,,ICB/EPSA6/RDF-Routine/MI/21/21(Split from PO: 0077,-708,,,,,,,,709,-583,-708
,008272,FOB,,ICB/EPSA6/RDF-Routine/MI/21/21(Split from PO: 0077,-708,,,,,,,,709,-583,-708
,008273,FOB,,ICB/EPSA6/RDF-Routine/MI/21/21(Split from PO: 0077,-708,,,,,,,,709,-583,-708
,008274,FOB,, ICB/EPSA6/RDF-Routine/MI/21/21(Split from PO: 007,-708,,,,,,,,709,-583,-708
,008275,FOB,, ICB/EPSA6/RDF-Routine/MI/21/21(Split from PO: 007,-708,,,,,,,,709,-583,-708
,008276,FOB,,ICB/PSA6/COVID-19/MOH/MI/08/20(Split from: 006223 ,-708,,,,,,,,709,-583,-708
,008277,FOB,,ICB/PSA6/COVID-19/MOH/MI/08/20(Split from: 006223 ,-708,,,,,,,,709,-583,-708
,008278,FOB,,ICB/PSA6/COVID-19/MOH/MI/08/20(Split from: 006223),-708,,,,,,,,709,-583,-708
,008279,FOB,,ICB/EPSA6/RDF_Routine/MD/10/22(Split from 007713 f,-708,,,,,,,,709,-583,-708
,008280,FOB,,ICB/EPSA6/RDF-Routine/MI/21/21(Split from PO: 0081,-708,,,,,,,,709,-583,-708
,008281,FOB,, ICB/EPSA6/RDF-Routine/MI/21/21(Split from PO: 007,-708,,,,,,,,709,-583,-708
,008282,FOB,, ICB/EPSA6/RDF-Routine/MI/21/21 (Split from 007907,-708,,,,,,,,709,-583,-708
,008283,FOB,,ICB/EPSA6/RDF-Routine/MI/21/21( Split from PO:0079,-708,,,,,,,,709,-583,-708
,008233,FCA,,Call off  ICB/PFSA6/RDF/FW/PLACEMENT/LR/20/18,-708,,,,,,,,709,-583,-708
,008236,FCA,,Call off  ICB/PFSA6/RDF/FW/PLACEMENT/LR/20/18,-708,,,,,,,,709,-583,-708
,008284,FOB,,ICB/PFSA6/RDF-R/NC/MI/04/18( Split from 004783 for,-708,,,,,,,,709,-583,-708
,008285,FOB,,ICB/PFSA6/RDF-R/NC/MI/04/18( Split from 004783 ),-708,,,,,,,,709,-583,-708
,008227,FOB,,Call off  ICB/PFSA6/RDF/FW/PLACEMENT/LR/20/18,-707,,,,,,,,708,-582,-707
,008286,FOB,,ICB/EPSA6/MOH-SDG-MOFED/FH/PH/15/22 (Refil from po,-10,-683,,,,,,,709,-583,-693
,008287,FOB,,ICB/EPSA6/MOH-SDG-STI/MOFED/BUFFET/R4D/PH/04/22 (R,-17,-675,,,,,,,708,-582,-692
,007953,FCA,,Call off from ICB/PSA6/SDG/PLACEMENT/LR/32/19(Spli,-18,-671,,,,,,,705,-579,-689
,008303,FCA,,Call off from ICB/PSA6/SDG/PLACEMENT/LR/32/19(Spli,-18,-671,,,,,,,705,-579,-689
,008288,FOB,,ICB/EPSS6/MOH-SDG/MD/29/23( For ORHB),-702,,,,,,,,703,-577,-702
,008289,FOB,,ICB/EPSS6/MOH-SDG/MD/29/23( For ORHB),-702,,,,,,,,703,-577,-702
,008290,FOB,,ICB/EPSS6/MOH-SDG/MD/29/23( For ORHB),-702,,,,,,,,703,-577,-702
,008291,FCA,,ICB/EPSS6/MOH-SDG/MD/29/23( For ORHB),-702,,,,,,,,703,-577,-702
,008292,FOB,,ICB/EPSS6/MOH-SDG/MD/29/23( For ORHB),-702,,,,,,,,703,-577,-702
,008293,FOB,,ICB/EPSS6/MOH-SDG/MD/29/23( For ORHB),-702,,,,,,,,703,-577,-702
,008294,FOB,,ICB/EPSS6/MOH-SDG/MD/29/23( For ORHB),-702,,,,,,,,703,-577,-702
,008295,FOB,,ICB/EPSS6/MOH-SDG/MD/29/23( For ORHB),-702,,,,,,,,703,-577,-702
,008296,FOB,,ICB/EPSS6/MOH-SDG/MD/29/23( For ORHB),-702,,,,,,,,703,-577,-702
,008297,FOB,,ICB/EPSS6/MOH-SDG/MD/29/23( For ORHB),-702,,,,,,,,703,-577,-702
,008298,FOB,,ICB/EPSS6/MOH-SDG/MD/29/23( For ORHB),-702,,,,,,,,703,-577,-702
,008299,FOB,,ICB/EPSS6/MOH-SDG/MD/29/23( For ORHB),-702,,,,,,,,703,-577,-702
,008300,FOB,,ICB/EPSS6/MOH-SDG/MD/29/23( For ORHB),-702,,,,,,,,703,-577,-702
,008301,FOB,,ICB/EPSS6/MOH-SDG/MD/29/23( For ORHB),-702,,,,,,,,703,-577,-702
,008302,FCA,,Call off from ICB/PSA6/SDG/PLACEMENT/LR/32/19 spli,-694,,,,,,,,695,-569,-694
,1,FOB,,ICB/EPSS6/RDF/MD/ORHB/16/23 (PO Splitted from PO:0,-674,,,,,,,,675,-549,-674
Total,,,,,,,,,,,,,492496,-426346,